Date,XAO,,,,,,,
4/30/50,109.35,,,,,,,
5/31/50,108.42,,,,,,,
6/30/50,108.42,,,,,,,
7/31/50,106.36,,,,,,,
8/31/50,111.21,,,,,,,
9/30/50,116.26,,,,,,,
10/31/50,119.76,,,,,,,
11/30/50,125.43,,,,,,,
12/31/50,126.15,,,,,,,
1/31/51,132.75,,,,,,,
2/28/51,132.03,,,,,,,
3/31/51,134.09,,,,,,,
4/30/51,138.62,,,,,,,
5/31/51,143.57,,,,,,,
6/30/51,141.2,,,,,,,
7/31/51,138.52,,,,,,,
8/31/51,132.95,,,,,,,
9/30/51,127.28,,,,,,,
10/31/51,128.32,,,,,,,
11/30/51,121.62,,,,,,,
12/31/51,115.74,,,,,,,
1/31/52,115.33,,,,,,,
2/29/52,107.29,,,,,,,
3/31/52,103.99,,,,,,,
4/30/52,96.98,,,,,,,
5/31/52,97.81,,,,,,,
6/30/52,96.06,,,,,,,
7/31/52,98.94,,,,,,,
8/31/52,96.78,,,,,,,
9/30/52,95.75,,,,,,,
10/31/52,95.54,,,,,,,
11/30/52,96.26,,,,,,,
12/31/52,95.44,,,,,,,
1/31/53,99.97,,,,,,,
2/28/53,100.39,,,,,,,
3/31/53,98.94,,,,,,,
4/30/53,96.16,,,,,,,
5/31/53,96.78,,,,,,,
6/30/53,97.4,,,,,,,
7/31/53,99.66,,,,,,,
8/31/53,102.24,,,,,,,
9/30/53,103.37,,,,,,,
10/31/53,101.42,,,,,,,
11/30/53,101.21,,,,,,,
12/31/53,102.76,,,,,,,
1/31/54,102.96,,,,,,,
2/28/54,105.44,,,,,,,
3/31/54,105.64,,,,,,,
4/30/54,105.64,,,,,,,
5/31/54,107.91,,,,,,,
6/30/54,111.31,,,,,,,
7/31/54,116.15,,,,,,,
8/31/54,118.52,,,,,,,
9/30/54,118.42,,,,,,,
10/31/54,117.8,,,,,,,
11/30/54,116.67,,,,,,,
12/31/54,116.26,,,,,,,
1/31/55,118.42,,,,,,,
2/28/55,119.66,,,,,,,
3/31/55,119.86,,,,,,,
4/30/55,119.97,,,,,,,
5/31/55,122.13,,,,,,,
6/30/55,124.4,,,,,,,
7/31/55,128.52,,,,,,,
8/31/55,127.7,,,,,,,
9/30/55,123.88,,,,,,,
10/31/55,123.68,,,,,,,
11/30/55,120.38,,,,,,,
12/31/55,121.72,,,,,,,
1/31/56,123.99,,,,,,,
2/29/56,123.68,,,,,,,
3/31/56,120.79,,,,,,,
4/30/56,120.28,,,,,,,
5/31/56,118.83,,,,,,,
6/30/56,115.54,,,,,,,
7/31/56,116.67,,,,,,,
8/31/56,119.97,,,,,,,
9/30/56,122.54,,,,,,,
10/31/56,124.19,,,,,,,
11/30/56,123.47,,,,,,,
12/31/56,123.78,,,,,,,
1/31/57,128.52,,,,,,,
2/28/57,130.69,,,,,,,
3/31/57,130.69,,,,,,,
4/30/57,134.29,,,,,,,
5/31/57,135.53,,,,,,,
6/30/57,136.35,,,,,,,
7/31/57,139.24,,,,,,,
8/31/57,143.05,,,,,,,
9/30/57,144.19,,,,,,,
10/31/57,137.18,,,,,,,
11/30/57,138.52,,,,,,,
12/31/57,136.77,,,,,,,
1/31/58,141.4,,,,,,,
2/28/58,145.53,,,,,,,
3/31/58,142.44,,,,,,,
4/30/58,143.36,,,,,,,
5/31/58,142.95,,,,,,,
6/30/58,148.62,,,,,,,
7/31/58,150.58,,,,,,,
8/31/58,153.98,,,,,,,
9/30/58,150.78,,,,,,,
10/31/58,150.06,,,,,,,
11/30/58,153.26,,,,,,,
12/31/58,156.56,,,,,,,
1/31/59,161.91,,,,,,,
2/28/59,161.91,,,,,,,
3/31/59,162.12,,,,,,,
4/30/59,168.41,,,,,,,
5/31/59,173.87,,,,,,,
6/30/59,178.41,,,,,,,
7/31/59,192.11,,,,,,,
8/31/59,196.34,,,,,,,
9/30/59,204.69,,,,,,,
10/31/59,213.14,,,,,,,
11/30/59,212,,,,,,,
12/31/59,217.05,,,,,,,
1/31/60,229.32,,,,,,,
2/29/60,219.94,,,,,,,
3/31/60,220.15,,,,,,,
4/30/60,229.11,,,,,,,
5/31/60,232.31,,,,,,,
6/30/60,231.48,,,,,,,
7/31/60,237.36,,,,,,,
8/31/60,237.15,,,,,,,
9/30/60,229.83,,,,,,,
10/31/60,215.82,,,,,,,
11/30/60,192.83,,,,,,,
12/31/60,190.88,,,,,,,
1/31/61,198.5,,,,,,,
2/28/61,200.98,,,,,,,
3/31/61,197.88,,,,,,,
4/30/61,208.19,,,,,,,
5/31/61,214.68,,,,,,,
6/30/61,213.86,,,,,,,
7/31/61,213.76,,,,,,,
8/31/61,209.43,,,,,,,
9/30/61,205.82,,,,,,,
10/31/61,207.47,,,,,,,
11/30/61,204.27,,,,,,,
12/31/61,208.19,,,,,,,
1/31/62,215.61,,,,,,,
2/28/62,222.93,,,,,,,
3/31/62,213.86,,,,,,,
4/30/62,211.9,,,,,,,
5/31/62,209.53,,,,,,,
6/30/62,204.38,,,,,,,
7/31/62,201.9,,,,,,,
8/31/62,203.55,,,,,,,
9/30/62,198.3,,,,,,,
10/31/62,205,,,,,,,
11/30/62,202.11,,,,,,,
12/31/62,206.95,,,,,,,
1/31/63,210.25,,,,,,,
2/28/63,212.11,,,,,,,
3/31/63,213.86,,,,,,,
4/30/63,218.7,,,,,,,
5/31/63,218.7,,,,,,,
6/30/63,222.62,,,,,,,
7/31/63,237.87,,,,,,,
8/31/63,244.57,,,,,,,
9/30/63,238.9,,,,,,,
10/31/63,238.8,,,,,,,
11/30/63,246.22,,,,,,,
12/31/63,252.3,,,,,,,
1/31/64,258.8,,,,,,,
2/29/64,263.54,,,,,,,
3/31/64,260.24,,,,,,,
4/30/64,256.12,,,,,,,
5/31/64,253.85,,,,,,,
6/30/64,258.07,,,,,,,
7/31/64,261.37,,,,,,,
8/31/64,260.55,,,,,,,
9/30/64,252.41,,,,,,,
10/31/64,247.56,,,,,,,
11/30/64,247.87,,,,,,,
12/31/64,255.5,,,,,,,
1/31/65,245.71,,,,,,,
2/28/65,239.01,,,,,,,
3/31/65,226.64,,,,,,,
4/30/65,217.47,,,,,,,
5/31/65,223.75,,,,,,,
6/30/65,210.77,,,,,,,
7/31/65,221.59,,,,,,,
8/31/65,222.52,,,,,,,
9/30/65,212.11,,,,,,,
10/31/65,223.14,,,,,,,
11/30/65,218.08,,,,,,,
12/31/65,223.86,,,,,,,
1/31/66,227.57,,,,,,,
2/28/66,223.75,,,,,,,
3/31/66,218.7,,,,,,,
4/30/66,228.08,,,,,,,
5/31/66,219.73,,,,,,,
6/30/66,228.19,,,,,,,
7/31/66,230.04,,,,,,,
8/31/66,219.84,,,,,,,
9/30/66,218.29,,,,,,,
10/31/66,219.01,,,,,,,
11/30/66,219.42,,,,,,,
12/31/66,231.79,,,,,,,
1/31/67,231.9,,,,,,,
2/28/67,225.09,,,,,,,
3/31/67,224.06,,,,,,,
4/30/67,233.85,,,,,,,
5/31/67,239.21,,,,,,,
6/30/67,252.41,,,,,,,
7/31/67,273.74,,,,,,,
8/31/67,276.42,,,,,,,
9/30/67,287.04,,,,,,,
10/31/67,304.35,,,,,,,
11/30/67,307.44,,,,,,,
12/31/67,310.84,,,,,,,
1/31/68,333.41,,,,,,,
2/29/68,318.47,,,,,,,
3/31/68,328.78,,,,,,,
4/30/68,375.26,,,,,,,
5/31/68,407.11,,,,,,,
6/30/68,418.55,,,,,,,
7/31/68,419.89,,,,,,,
8/31/68,422.46,,,,,,,
9/30/68,366.29,,,,,,,
10/31/68,365.88,,,,,,,
11/30/68,393.09,,,,,,,
12/31/68,417.93,,,,,,,
1/31/69,432.56,,,,,,,
2/28/69,424.94,,,,,,,
3/31/69,433.49,,,,,,,
4/30/69,441.12,,,,,,,
5/31/69,414.84,,,,,,,
6/30/69,402.78,,,,,,,
7/31/69,383.71,,,,,,,
8/31/69,383.92,,,,,,,
9/30/69,391.65,,,,,,,
10/31/69,408.65,,,,,,,
11/30/69,416.07,,,,,,,
12/31/69,455.34,,,,,,,
1/31/70,437.41,,,,,,,
2/28/70,425.45,,,,,,,
3/31/70,418.44,,,,,,,
4/30/70,383.3,,,,,,,
5/31/70,348.87,,,,,,,
6/30/70,390.41,,,,,,,
7/31/70,405.15,,,,,,,
8/31/70,404.84,,,,,,,
9/30/70,408.86,,,,,,,
10/31/70,371.65,,,,,,,
11/30/70,359.9,,,,,,,
12/31/70,359.39,,,,,,,
1/31/71,348.26,,,,,,,
2/28/71,339.19,,,,,,,
3/31/71,350.11,,,,,,,
4/30/71,348.26,,,,,,,
5/31/71,343.72,,,,,,,
6/30/71,344.44,,,,,,,
7/31/71,334.14,,,,,,,
8/31/71,322.8,,,,,,,
9/30/71,302.08,,,,,,,
10/31/71,299.3,,,,,,,
11/30/71,297.14,,,,,,,
12/31/71,351.24,,,,,,,
1/31/72,343.82,,,,,,,
2/29/72,378.66,,,,,,,
3/31/72,398.35,,,,,,,
4/30/72,396.59,,,,,,,
5/31/72,409.06,,,,,,,
6/30/72,418.75,,,,,,,
7/31/72,401.54,,,,,,,
8/31/72,402.78,,,,,,,
9/30/72,390.62,,,,,,,
10/31/72,409.37,,,,,,,
11/30/72,420.5,,,,,,,
12/31/72,421.12,,,,,,,
1/31/73,428.23,,,,,,,
2/28/73,394.53,,,,,,,
3/31/73,393.6,,,,,,,
4/30/73,367.63,,,,,,,
5/31/73,394.12,,,,,,,
6/30/73,388.14,,,,,,,
7/31/73,392.88,,,,,,,
8/31/73,358.67,,,,,,,
9/30/73,327.44,,,,,,,
10/31/73,346.71,,,,,,,
11/30/73,315.07,,,,,,,
12/31/73,306.62,,,,,,,
1/31/74,343.82,,,,,,,
2/28/74,369.8,,,,,,,
3/31/74,353.92,,,,,,,
4/30/74,338.88,,,,,,,
5/31/74,289.92,,,,,,,
6/30/74,270.03,,,,,,,
7/31/74,229.94,,,,,,,
8/31/74,217.36,,,,,,,
9/30/74,178.82,,,,,,,
10/31/74,209.63,,,,,,,
11/30/74,217.57,,,,,,,
12/31/74,207.78,,,,,,,
1/31/75,243.95,,,,,,,
2/28/75,250.24,,,,,,,
3/31/75,246.12,,,,,,,
4/30/75,245.91,,,,,,,
5/31/75,261.27,,,,,,,
6/30/75,257.76,,,,,,,
7/31/75,252.51,,,,,,,
8/31/75,250.34,,,,,,,
9/30/75,273.33,,,,,,,
10/31/75,280.54,,,,,,,
11/30/75,297.75,,,,,,,
12/31/75,308.47,,,,,,,
1/31/76,319.09,,,,,,,
2/29/76,322.59,,,,,,,
3/31/76,316.41,,,,,,,
4/30/76,320.43,,,,,,,
5/31/76,325.48,,,,,,,
6/30/76,327.95,,,,,,,
7/31/76,352.89,,,,,,,
8/31/76,349.7,,,,,,,
9/30/76,324.24,,,,,,,
10/31/76,306.1,,,,,,,
11/30/76,291.57,,,,,,,
12/31/76,300.33,,,,,,,
1/31/77,305.79,,,,,,,
2/28/77,295.9,,,,,,,
3/31/77,308.27,,,,,,,
4/30/77,304.56,,,,,,,
5/31/77,319.5,,,,,,,
6/30/77,318.37,,,,,,,
7/31/77,306,,,,,,,
8/31/77,297.03,,,,,,,
9/30/77,300.02,,,,,,,
10/31/77,314.66,,,,,,,
11/30/77,307.34,,,,,,,
12/31/77,332.18,,,,,,,
1/31/78,323.52,,,,,,,
2/28/78,308.06,,,,,,,
3/31/78,316.72,,,,,,,
4/30/78,334.14,,,,,,,
5/31/78,346.81,,,,,,,
6/30/78,342.28,,,,,,,
7/31/78,358.56,,,,,,,
8/31/78,378.14,,,,,,,
9/30/78,390.41,,,,,,,
10/31/78,369.69,,,,,,,
11/30/78,366.09,,,,,,,
12/31/78,377.32,,,,,,,
1/31/79,395.77,,,,,,,
2/28/79,405.66,,,,,,,
3/31/79,410.4,,,,,,,
4/30/79,401.02,,,,,,,
5/31/79,412.46,,,,,,,
6/30/79,402.78,,,,,,,
7/31/79,410.82,,,,,,,
8/31/79,453.69,,,,,,,
9/30/79,478.84,,,,,,,
10/31/79,482.45,,,,,,,
11/30/79,472.96,,,,,,,
12/31/79,515.32,,,,,,,
1/31/80,603.96,,,,,,,
2/29/80,623.13,,,,,,,
3/31/80,529.03,,,,,,,
4/30/80,545.32,,,,,,,
5/31/80,612.93,,,,,,,
6/30/80,647.76,,,,,,,
7/31/80,656.42,,,,,,,
8/31/80,680.64,,,,,,,
9/30/80,714.96,,,,,,,
10/31/80,754.12,,,,,,,
11/30/80,755.88,,,,,,,
12/31/80,735.37,,,,,,,
1/31/81,677.14,,,,,,,
2/28/81,672.19,,,,,,,
3/31/81,729.6,,,,,,,
4/30/81,727.95,,,,,,,
5/31/81,735.26,,,,,,,
6/30/81,721.04,,,,,,,
7/31/81,652.81,,,,,,,
8/31/81,648.48,,,,,,,
9/30/81,592.73,,,,,,,
10/31/81,566.55,,,,,,,
11/30/81,612.2,,,,,,,
12/31/81,613.75,,,,,,,
1/31/82,565.62,,,,,,,
2/28/82,506.05,,,,,,,
3/31/82,476.26,,,,,,,
4/30/82,518.93,,,,,,,
5/31/82,520.37,,,,,,,
6/30/82,487.6,,,,,,,
7/31/82,479.35,,,,,,,
8/31/82,497.49,,,,,,,
9/30/82,518.72,,,,,,,
10/31/82,520.06,,,,,,,
11/30/82,499.25,,,,,,,
12/31/82,500.28,,,,,,,
1/31/83,553.35,,,,,,,
2/28/83,513.98,,,,,,,
3/31/83,528.41,,,,,,,
4/30/83,610.04,,,,,,,
5/31/83,639,,,,,,,
6/30/83,623.64,,,,,,,
7/31/83,692.59,,,,,,,
8/31/83,722.79,,,,,,,
9/30/83,740,,,,,,,
10/31/83,708.78,,,,,,,
11/30/83,766.8,,,,,,,
12/31/83,799.06,,,,,,,
1/31/84,789.17,,,,,,,
2/29/84,760.21,,,,,,,
3/31/84,773.5,,,,,,,
4/30/84,779.17,,,,,,,
5/31/84,674.97,,,,,,,
6/30/84,679.09,,,,,,,
7/31/84,702.8,,,,,,,
8/31/84,755.88,,,,,,,
9/30/84,761.75,,,,,,,
10/31/84,776.7,,,,,,,
11/30/84,771.95,,,,,,,
12/31/84,748.35,,,,,,,
1/31/85,797.1,,,,,,,
2/28/85,816.58,,,,,,,
3/31/85,855.13,,,,,,,
4/30/85,901.92,,,,,,,
5/31/85,900.27,,,,,,,
6/30/85,887.18,,,,,,,
7/31/85,964.79,,,,,,,
8/31/85,966.54,,,,,,,
9/30/85,1017.25,,,,,,,
10/31/85,1058.58,,,,,,,
11/30/85,1021.06,,,,,,,
12/31/85,1034.5601,,,,,,,
1/31/86,1108.05,,,,,,,
2/28/86,1082.28,,,,,,,
3/31/86,1171.4301,,,,,,,
4/30/86,1247.7,,,,,,,
5/31/86,1279.34,,,,,,,
6/30/86,1216.27,,,,,,,
7/31/86,1157.9301,,,,,,,
8/31/86,1228.84,,,,,,,
9/30/86,1284.8,,,,,,,
10/31/86,1419.41,,,,,,,
11/30/86,1421.88,,,,,,,
12/31/86,1518.35,,,,,,,
1/31/87,1542.16,,,,,,,
2/28/87,1663.46,,,,,,,
3/31/87,1741.59,,,,,,,
4/30/87,1803.22,,,,,,,
5/31/87,1824.86,,,,,,,
6/30/87,1818.16,,,,,,,
7/31/87,2092.6299,,,,,,,
8/31/87,2215.8899,,,,,,,
9/30/87,2318.1299,,,,,,,
10/31/87,1334.17,,,,,,,
11/30/87,1370.25,,,,,,,
12/31/87,1359.22,,,,,,,
1/31/88,1295.63,,,,,,,
2/29/88,1289.03,,,,,,,
3/31/88,1458.67,,,,,,,
4/30/88,1501.24,,,,,,,
5/31/88,1614.92,,,,,,,
6/30/88,1602.66,,,,,,,
7/31/88,1661.09,,,,,,,
8/31/88,1618.73,,,,,,,
9/30/88,1599.15,,,,,,,
10/31/88,1635.53,,,,,,,
11/30/88,1516.49,,,,,,,
12/31/88,1532.78,,,,,,,
1/31/89,1598.33,,,,,,,
2/28/89,1530.82,,,,,,,
3/31/89,1504.33,,,,,,,
4/30/89,1546.59,,,,,,,
5/31/89,1576.89,,,,,,,
6/30/89,1567.72,,,,,,,
7/31/89,1684.39,,,,,,,
8/31/89,1817.24,,,,,,,
9/30/89,1789.2,,,,,,,
10/31/89,1696.65,,,,,,,
11/30/89,1660.99,,,,,,,
12/31/89,1700.36,,,,,,,
1/31/90,1728.4,,,,,,,
2/28/90,1621.21,,,,,,,
3/31/90,1582.87,,,,,,,
4/30/90,1478.46,,,,,,,
5/31/90,1557.93,,,,,,,
6/30/90,1546.69,,,,,,,
7/31/90,1622.14,,,,,,,
8/31/90,1553.8,,,,,,,
9/30/90,1439.61,,,,,,,
10/31/90,1367.87,,,,,,,
11/30/90,1360.14,,,,,,,
12/31/90,1319.02,,,,,,,
1/31/91,1362,,,,,,,
2/28/91,1448.68,,,,,,,
3/31/91,1488.46,,,,,,,
4/30/91,1581.22,,,,,,,
5/31/91,1556.28,,,,,,,
6/30/91,1552.36,,,,,,,
7/31/91,1620.49,,,,,,,
8/31/91,1587.61,,,,,,,
9/30/91,1609.97,,,,,,,
10/31/91,1734.58,,,,,,,
11/30/91,1656.15,,,,,,,
12/31/91,1702.01,,,,,,,
1/31/92,1672.43,,,,,,,
2/29/92,1663.67,,,,,,,
3/31/92,1631.1,,,,,,,
4/30/92,1706.65,,,,,,,
5/31/92,1729.74,,,,,,,
6/30/92,1690.11,,,,,,,
7/31/92,1657.48,,,,,,,
8/31/92,1580.99,,,,,,,
9/30/92,1509.98,,,,,,,
10/31/92,1450.22,,,,,,,
11/30/92,1478.23,,,,,,,
12/31/92,1589.15,,,,,,,
1/31/93,1560.5,,,,,,,
2/28/93,1645.93,,,,,,,
3/31/93,1701.88,,,,,,,
4/30/93,1714.25,,,,,,,
5/31/93,1768.63,,,,,,,
6/30/93,1765.97,,,,,,,
7/31/93,1870.44,,,,,,,
8/31/93,1998.55,,,,,,,
9/30/93,1954.62,,,,,,,
10/31/93,2107.63,,,,,,,
11/30/93,1988.98,,,,,,,
12/31/93,2153.27,,,,,,,
1/31/94,2288.44,,,,,,,
2/28/94,2154.71,,,,,,,
3/31/94,2019.65,,,,,,,
4/30/94,2044.67,,,,,,,
5/31/94,2061.39,,,,,,,
6/30/94,1970.92,,,,,,,
7/31/94,2043.41,,,,,,,
8/31/94,2104.15,,,,,,,
9/30/94,2005.55,,,,,,,
10/31/94,2017.62,,,,,,,
11/30/94,1868.41,,,,,,,
12/31/94,1891.73,,,,,,,
1/31/95,1818.94,,,,,,,
2/28/95,1914.59,,,,,,,
3/31/95,1899.54,,,,,,,
4/30/95,2039.9,,,,,,,
5/31/95,2014.24,,,,,,,
6/30/95,2012.75,,,,,,,
7/31/95,2117.46,,,,,,,
8/31/95,2131.28,,,,,,,
9/30/95,2126.62,,,,,,,
10/31/95,2063.32,,,,,,,
11/30/95,2147.63,,,,,,,
12/31/95,2188.53,,,,,,,
1/31/96,2260.97,,,,,,,
2/29/96,2263.7,,,,,,,
3/31/96,2198.14,,,,,,,
4/30/96,2285.71,,,,,,,
5/31/96,2235.93,,,,,,,
6/30/96,2207.63,,,,,,,
7/31/96,2147.37,,,,,,,
8/31/96,2230.05,,,,,,,
9/30/96,2249.86,,,,,,,
10/31/96,2320.65,,,,,,,
11/30/96,2361.38,,,,,,,
12/31/96,2404.81,,,,,,,
1/31/97,2406.62,,,,,,,
2/28/97,2422.87,,,,,,,
3/31/97,2396.29,,,,,,,
4/30/97,2453.95,,,,,,,
5/31/97,2574.87,,,,,,,
6/30/97,2693.09,,,,,,,
7/31/97,2695.43,,,,,,,
8/31/97,2548.8,,,,,,,
9/30/97,2723.74,,,,,,,
10/31/97,2429.51,,,,,,,
11/30/97,2439.57,,,,,,,
12/31/97,2579.52,,,,,,,
1/31/98,2611.55,,,,,,,
2/28/98,2630.33,,,,,,,
3/31/98,2688.54,,,,,,,
4/30/98,2712.93,,,,,,,
5/31/98,2655.13,,,,,,,
6/30/98,2620.6,,,,,,,
7/31/98,2661.94,,,,,,,
8/31/98,2423.73,,,,,,,
9/30/98,2497.69,,,,,,,
10/31/98,2548.14,,,,,,,
11/30/98,2669.67,,,,,,,
12/31/98,2696.98,,,,,,,
1/31/99,2751.37,,,,,,,
2/28/99,2742.24,,,,,,,
3/31/99,2843.34,,,,,,,
4/30/99,3016.32,,,,,,,
5/31/99,2823.86,,,,,,,
6/30/99,2886.05,,,,,,,
7/31/99,2936.45,,,,,,,
8/31/99,2852.51,,,,,,,
9/30/99,2805.2,,,,,,,
10/31/99,2809.42,,,,,,,
11/30/99,2949.07,,,,,,,
12/31/99,3108.81,,,,,,,
1/31/00,3085.72,,,,,,,
2/29/00,3133.35,,,,,,,
3/31/00,3133.3,,,,,,,
4/30/00,3085.1001,,,,,,,
5/31/00,3040.6001,,,,,,,
6/30/00,3257.6001,,,,,,,
7/31/00,3213.6001,,,,,,,
8/31/00,3261.7,,,,,,,
9/30/00,3246.1001,,,,,,,
10/31/00,3203.8999,,,,,,,
11/30/00,3222,,,,,,,
12/31/00,3154.7,,,,,,,
1/31/01,3291.5,,,,,,,
2/28/01,3274.1001,,,,,,,
3/31/01,3096.8999,,,,,,,
4/30/01,3270.3,,,,,,,
5/31/01,3317.2,,,,,,,
6/30/01,3425.2,,,,,,,
7/31/01,3270.8,,,,,,,
8/31/01,3217.8,,,,,,,
9/30/01,2988,,,,,,,
10/31/01,3185.3,,,,,,,
11/30/01,3276.8999,,,,,,,
12/31/01,3360,,,,,,,
1/31/02,3404,,,,,,,
2/28/02,3358.6001,,,,,,,
3/31/02,3363.3,,,,,,,
4/30/02,3299.5,,,,,,,
5/31/02,3325.1001,,,,,,,
6/30/02,3163.2,,,,,,,
7/31/02,3032.6001,,,,,,,
8/31/02,3073.6001,,,,,,,
9/30/02,2928.3,,,,,,,
10/31/02,2995,,,,,,,
11/30/02,3025.2,,,,,,,
12/31/02,2975.5,,,,,,,
1/31/03,2935.3999,,,,,,,
2/28/03,2778.3999,,,,,,,
3/31/03,2848.6001,,,,,,,
4/30/03,2970.8999,,,,,,,
5/31/03,2979.8,,,,,,,
6/30/03,2999.7,,,,,,,
7/31/03,3106.7,,,,,,,
8/31/03,3202.9,,,,,,,
9/30/03,3176.2,,,,,,,
10/31/03,3282.4,,,,,,,
11/30/03,3195.7,,,,,,,
12/31/03,3306,,,,,,,
1/31/04,3283.6,,,,,,,
2/29/04,3372.5,,,,,,,
3/31/04,3416.5,,,,,,,
4/30/04,3407.7,,,,,,,
5/31/04,3456.883,,,,,,,
6/30/04,3530.268,,,,,,,
7/31/04,3546.065,,,,,,,
8/31/04,3561.9,,,,,,,
9/30/04,3674.679,,,,,,,
10/31/04,3786.336,,,,,,,
11/30/04,3942.76,,,,,,,
12/31/04,4053.1,,,,,,,
1/31/05,4106.673,,,,,,,
2/28/05,4156.54,,,,,,,
3/31/05,4100.622,,,,,,,
4/30/05,3943.127,,,,,,,
5/31/05,4070.429,,,,,,,
6/30/05,4229.891,,,,,,,
7/31/05,4346.723,,,,,,,
8/31/05,4413.498,,,,,,,
9/30/05,4592.563,,,,,,,
10/31/05,4412.72,,,,,,,
11/30/05,4583.627,,,,,,,
12/31/05,4708.8,,,,,,,
1/31/06,4880.227,,,,,,,
2/28/06,4878.361,,,,,,,
3/31/06,5087.183,,,,,,,
4/30/06,5207.014,,,,,,,
5/31/06,4972.275,,,,,,,
6/30/06,5034,,,,,,,
7/31/06,4957.081,,,,,,,
8/31/06,5079.77,,,,,,,
9/30/06,5112.996,,,,,,,
10/31/06,5352.934,,,,,,,
11/30/06,5461.561,,,,,,,
12/31/06,5644.344,,,,,,,
1/31/07,5757.692,,,,,,,
2/28/07,5816.5,,,,,,,
3/31/07,5978.78,,,,,,,
4/30/07,6158.266,,,,,,,
5/31/07,6341.787,,,,,,,
6/30/07,6310.574,,,,,,,
7/31/07,6187.543,,,,,,,
8/31/07,6248.347,,,,,,,
9/30/07,6580.936,,,,,,,
10/31/07,6779.091,,,,,,,
11/30/07,6593.6,,,,,,,
12/31/07,6421,,,,,,,
1/31/08,5697.027,,,,,,,
2/29/08,5674.685,,,,,,,
3/31/08,5409.695,,,,,,,
4/30/08,5656.956,,,,,,,
5/31/08,5773.937,,,,,,,
6/30/08,5332.885,,,,,,,
7/31/08,5052.575,,,,,,,
8/31/08,5215.466,,,,,,,
9/30/08,4631.281,,,,,,,
10/31/08,3982.706,,,,,,,
11/30/08,3672.668,,,,,,,
12/31/08,3659.291,,,,,,,
1/31/09,3478.147,,,,,,,
2/28/09,3296.897,,,,,,,
3/31/09,3532.302,,,,,,,
4/30/09,3744.668,,,,,,,
5/31/09,3813.283,,,,,,,
6/30/09,3947.789,,,,,,,
7/31/09,4249.545,,,,,,,
8/31/09,4484.133,,,,,,,
9/30/09,4739.258,,,,,,,
10/31/09,4646.885,,,,,,,
11/30/09,4715.481,,,,,,,
12/31/09,4882.714,,,,,,,
1/31/10,4596.877,,,,,,,
2/28/10,4651.114286887,,,,,,,
3/31/10,4893.06370975523,,,,,,,
4/30/10,4833.87854517309,,,,,,,
5/31/10,4453.58746308045,,,,,,,
6/30/10,4324.76879015625,,,,,,,
7/31/10,4507.43802736507,,,,,,,
8/31/10,4438.83481459696,,,,,,,
9/30/10,4636.86010833675,,,,,,,
10/31/10,4733.40943922549,,,,,,,
11/30/10,4676.43660199298,,,,,,,
12/31/10,4846.88444963809,,,,,,,
1/31/11,4849.95370931903,,,,,,,
2/28/11,4923.633136,,,,,,,
3/31/11,4928.61397579699,,,,,,,
4/30/11,4899.04891484038,,,,,,,
5/31/11,4788.91991345721,,,,,,,
6/30/11,4659.78708243783,,,,,,,
7/31/11,4500.53156349196,,,,,,,
8/31/11,4369.85152115439,,,,,,,
9/30/11,4070.09001317088,,,,,,,
10/31/11,4360.46193099485,,,,,,,
11/30/11,4184.66949417146,,,,,,,
12/31/11,4111.03797048012,,,,,,,
1/31/12,4325.71495370635,,,,,,,
2/29/12,4388.08331088417,,,,,,,
3/31/12,4419.97074653448,,,,,,,
4/30/12,4467.20190891507,,,,,,,
5/31/12,4133.731461878,,,,,,,
6/30/12,4135.45957322896,,,,,,,
7/31/12,4289.37644114399,,,,,,,
8/31/12,4339.0206351579,,,,,,,
9/30/12,4406.33941980653,,,,,,,
10/31/12,4535.36430469853,,,,,,,
11/30/12,4518.02642686702,,,,,,,
12/31/12,4664.58850908554,,,,,,,
1/31/13,4901.01356260222,,,,,,,
2/28/13,5120.3775424836,,,,,,,
3/31/13,4979.8683739014,,,,,,,
4/30/13,5168.60126611602,,,,,,,
5/31/13,4914.03408399651,,,,,,,
6/30/13,4775.4122174121,,,,,,,
7/31/13,5035.66548605489,,,,,,,
8/31/13,5125.29547970481,,,,,,,
9/30/13,5217.73949428559,,,,,,,
10/31/13,5420.28355720409,,,,,,,
11/30/13,5314.32286055062,,,,,,,
12/31/13,5353.07985474387,,,,,,,
1/31/14,5205.10169204352,,,,,,,
2/28/14,5415.44699607354,,,,,,,
3/31/14,5402.98784821712,,,,,,,
4/30/14,5470.75220771887,,,,,,,
5/31/14,5473.77144365825,,,,,,,
6/30/14,5382.02909402619,,,,,,,
7/31/14,5623.12213275865,,,,,,,
8/31/14,5624.56586003185,,,,,,,
9/30/14,5296.75462085753,,,,,,,
10/31/14,5505.01811151084,,,,,,,
11/30/14,5298.11157215077,,,,,,,
12/31/14,5388.60079083926,,,,,,,
1/31/15,5551.58286137105,,,,,,,
2/28/15,5898.48387822951,,,,,,,
3/31/15,5861.92311867439,,,,,,,
4/30/15,5773.67274854997,,,,,,,
5/31/15,5774.94821024238,,,,,,,
6/30/15,5451.19569629959,,,,,,,
7/31/15,5681.68821118447,,,,,,,
8/31/15,5222.08043764278,,,,,,,
9/30/15,5058.59824244028,,,,,,,
10/31/15,5288.56431988647,,,,,,,
11/30/15,5218.19212103337,,,,,,,
12/31/15,5344.55602054788,,,,,,,
1/31/16,5056.59634997714,,,,,,,
2/29/16,4947.94512262648,,,,,,,
3/31/16,5151.78780870093,,,,,,,
4/30/16,5316.00420444225,,,,,,,